{
    "frames": {

        "cat.png": {
            "frame": { "x": 2, "y": 2, "w": 128, "h": 128 },
            "rotated": false,
            "trimmed": false,
            "spriteSourceSize": { "x": 0, "y": 0, "w": 128, "h": 128 },
            "sourceSize": { "w": 128, "h": 128 },
            "pivot": { "x": 0.5, "y": 0.5 }
        },
        "hedgehog.png": {
            "frame": { "x": 132, "y": 2, "w": 128, "h": 128 },
            "rotated": false,
            "trimmed": false,
            "spriteSourceSize": { "x": 0, "y": 0, "w": 128, "h": 128 },
            "sourceSize": { "w": 128, "h": 128 },
            "pivot": { "x": 0.5, "y": 0.5 }
        },
        "tiger.png": {
            "frame": { "x": 262, "y": 2, "w": 128, "h": 128 },
            "rotated": false,
            "trimmed": false,
            "spriteSourceSize": { "x": 0, "y": 0, "w": 128, "h": 128 },
            "sourceSize": { "w": 128, "h": 128 },
            "pivot": { "x": 0.5, "y": 0.5 }
        }
    },
    "meta": {
        "app": "http://www.codeandweb.com/texturepacker",
        "version": "1.0",
        "image": "animals.png",
        "format": "RGBA8888",
        "size": { "w": 392, "h": 132 },
        "scale": "1",
        "smartupdate": "$TexturePacker:SmartUpdate:a196e3e7dc7344bb1ddfbbb9ed914f90:06a75246a1a4b65f2beacae47a5e81d7:b00d48b51f56eb7c81e25100fcce2828$"
    }
}